{"cameraMode":{"drawMode":0,"name":"Shaded","section":"Shading Mode"},"sceneLighting":true,"audioPlay":false,"sceneViewState":{"showFog":true,"showMaterialUpdate":false,"showSkybox":true,"showFlares":true,"showImageEffects":true,"showParticleSystems":true},"in2DMode":false,"pivot":{"x":14.0926513671875,"y":2.3550338745117189,"z":1.7395133972167969},"rotation":{"x":0.397594153881073,"y":0.300647109746933,"z":-0.13993917405605317,"w":0.8557653427124023},"size":24.38938331604004,"orthographic":false}