{"cameraMode":{"drawMode":0,"name":"Shaded","section":"Shading Mode"},"sceneLighting":true,"audioPlay":false,"sceneViewState":{"showFog":true,"showMaterialUpdate":false,"showSkybox":true,"showFlares":true,"showImageEffects":true,"showParticleSystems":true},"in2DMode":false,"pivot":{"x":-2.327686309814453,"y":-10.741366386413575,"z":35.14751434326172},"rotation":{"x":-0.4280875027179718,"y":0.022737320512533189,"z":-0.0108153922483325,"w":-0.9034278392791748},"size":24.937952041625978,"orthographic":false}