{"cameraMode":{"drawMode":0,"name":"Shaded","section":"Shading Mode"},"sceneLighting":true,"audioPlay":false,"sceneViewState":{"showFog":true,"showMaterialUpdate":false,"showSkybox":true,"showFlares":true,"showImageEffects":true,"showParticleSystems":true},"in2DMode":false,"pivot":{"x":-6.514983177185059,"y":1.9711700677871705,"z":0.7700755596160889},"rotation":{"x":-0.012457751668989659,"y":-0.43168702721595766,"z":0.0059598213993012909,"w":-0.901928722858429},"size":3.871506929397583,"orthographic":false}