{"cameraMode":{"drawMode":0,"name":"Shaded","section":"Shading Mode"},"sceneLighting":true,"audioPlay":false,"sceneViewState":{"showFog":true,"showMaterialUpdate":false,"showSkybox":true,"showFlares":true,"showImageEffects":true,"showParticleSystems":true},"in2DMode":false,"pivot":{"x":-14.427000045776368,"y":1.5099999904632569,"z":19.299999237060548},"rotation":{"x":0.05416422709822655,"y":-0.2177533060312271,"z":0.012048360891640187,"w":0.974545419216156},"size":5.047518730163574,"orthographic":false}